	time	Timeline	n	tbe
0	0.0	simulation starts	0	6.3678
1	6.3678	customer 1 arrived	1	5.4282
2	11.796	customer 1 left	0	3.1826
3	14.9786	customer 2 arrived	1	2.7355
4	17.7141	customer 2 left	0	5.0597
5	22.7738	customer 3 arrived	1	1.2807
6	24.0545	customer 4 arrived	2	0.1669
7	24.2214	customer 3 left	1	2.6982
8	26.9196	customer 4 left	0	7.7612
9	34.6808	customer 5 arrived	1	0.0743
10	34.7551	customer 5 left	0	6.1614
11	40.9165	customer 6 arrived	1	1.0554
12	41.9719	customer 6 left	0	3.4331
13	45.405	customer 7 arrived	1	0.7501
14	46.1551	customer 7 left	0	1.3773
15	47.5324	customer 8 arrived	1	2.3855
16	49.9179	customer 9 arrived	2	1.2329
17	51.1508	customer 8 left	1	1.318
18	52.4688	customer 9 left	0	5.26
19	57.7288	customer 10 arrived	1	0.3379
20	58.0667	customer 10 left	0	2.1151
21	60.1818	customer 11 arrived	1	0.5395
22	60.7213	customer 11 left	0	1.521
23	62.2423	customer 12 arrived	1	0.3983
24	62.6406	customer 12 left	0	1.3255
25	63.9661	customer 13 arrived	1	1.0812
26	65.0473	customer 14 arrived	2	5.9316
27	70.9789	customer 15 arrived	3	1.5515
28	72.5304	customer 16 arrived	4	1.9613
29	74.4917	customer 13 left	3	2.2397
30	76.7314	customer 14 left	2	1.0815
31	77.8129	customer 17 arrived	3	2.3304
32	80.1433	customer 15 left	2	3.6185
33	83.7618	customer 16 left	1	0.7222
34	84.484	customer 17 left	0	4.5997
35	89.0837	customer 18 arrived	1	3.0889
36	92.1726	customer 18 left	0	2.9929
37	95.1655	customer 19 arrived	1	2.6727
38	97.8382	customer 20 arrived	2	4.2733
39	102.1115	customer 19 left	1	0.1526
40	102.2641	customer 21 arrived	2	4.2991
41	106.5632	customer 20 left	1	3.1384
42	109.7016	customer 22 arrived	2	1.4119
43	111.1135	customer 21 left	1	0.5836
44	111.6971	customer 23 arrived	2	0.6679
45	112.365	customer 24 arrived	3	2.3036
46	114.6686	customer 22 left	2	0.3443
47	115.0129	customer 23 left	1	0.1836
48	115.1965	customer 25 arrived	2	5.2795
49	120.476	customer 24 left	1	2.3223
50	122.7983	customer 25 left	0	11.5687
51	134.367	customer 26 arrived	1	1.4294
52	135.7964	customer 27 arrived	2	1.0767
53	136.8731	customer 28 arrived	3	0.1476
54	137.0207	customer 26 left	2	1.4635
55	138.4842	customer 29 arrived	3	2.2103
56	140.6945	customer 27 left	2	1.5219
57	142.2164	customer 28 left	1	0.6086
58	142.825	customer 29 left	0	7.4943
59	150.3193	customer 30 arrived	1	5.0666
60	155.3859	customer 30 left	0	3.7724
61	159.1583	customer 31 arrived	1	3.2376
62	162.3959	customer 32 arrived	2	2.2405
63	164.6364	customer 33 arrived	3	3.6534
64	168.2898	customer 34 arrived	4	2.906
65	171.1958	customer 35 arrived	5	0.3824
66	171.5782	customer 31 left	4	3.0986
67	174.6768	customer 32 left	3	2.5451
68	177.2219	customer 36 arrived	4	0.8547
69	178.0766	customer 33 left	3	0.936
70	179.0126	customer 37 arrived	4	0.8366
71	179.8492	customer 38 arrived	5	0.35
72	180.1992	customer 39 arrived	6	6.2828
73	186.482	customer 34 left	5	1.7424
74	188.2244	customer 35 left	4	3.0027
75	191.2271	customer 36 left	3	0.4531
76	191.6802	customer 37 left	2	0.9811
77	192.6613	customer 40 arrived	3	0.9602
78	193.6215	customer 38 left	2	7.8263
79	201.4478	customer 41 arrived	3	0.6664
80	202.1142	customer 39 left	2	0.0683
81	202.1825	customer 42 arrived	3	2.1956
82	204.3781	customer 40 left	2	2.7499
83	207.128	customer 41 left	1	0.0608
84	207.1888	customer 43 arrived	2	0.5301
85	207.7189	customer 44 arrived	3	2.4231
86	210.142	customer 42 left	2	1.8295
87	211.9715	customer 43 left	1	3.2853
88	215.2568	customer 45 arrived	2	2.8759
89	218.1327	customer 46 arrived	3	0.3156
90	218.4483	customer 47 arrived	4	2.1404
91	220.5887	customer 44 left	3	0.7118
92	221.3005	customer 48 arrived	4	0.0383
93	221.3388	customer 49 arrived	5	0.2033
94	221.5421	customer 50 arrived	6	0.4192
95	221.9613	customer 51 arrived	7	0.0756
96	222.0369	customer 45 left	6	0.8806
97	222.9175	customer 52 arrived	7	0.1293
98	223.0468	customer 46 left	6	0.2813
99	223.3281	customer 47 left	5	5.3711
100	228.6992	customer 48 left	4	4.661
101	233.3602	customer 49 left	3	0.6634
102	234.0236	customer 50 left	2	1.2752
103	235.2988	customer 51 left	1	2.8386
104	238.1374	customer 53 arrived	2	0.1511
105	238.2885	customer 54 arrived	3	0.2978
106	238.5863	customer 52 left	2	0.6654
107	239.2517	customer 53 left	1	0.7396
108	239.9913	customer 54 left	0	1.3418
109	241.3331	customer 55 arrived	1	0.63
110	241.9631	customer 55 left	0	10.3257
111	252.2888	customer 56 arrived	1	0.4454
112	252.7342	customer 57 arrived	2	7.7827
113	260.5169	customer 58 arrived	3	0.7489
114	261.2658	customer 56 left	2	0.722
115	261.9878	customer 57 left	1	1.5521
116	263.5399	customer 58 left	0	1.7092
117	265.2491	customer 59 arrived	1	1.586
118	266.8351	customer 59 left	0	18.0391
119	284.8742	customer 60 arrived	1	1.5967
120	286.4709	customer 61 arrived	2	3.7018
121	290.1727	customer 62 arrived	3	2.0953
122	292.268	customer 60 left	2	0.8164
123	293.0844	customer 63 arrived	3	7.2
124	300.2844	customer 61 left	2	0.9005
125	301.1849	customer 62 left	1	0.211
126	301.3959	customer 63 left	0	1.4695
127	302.8654	customer 64 arrived	1	0.6105
128	303.4759	customer 64 left	0	0.4181
129	303.894	customer 65 arrived	1	4.514
130	308.408	customer 65 left	0	1.332
131	309.74	customer 66 arrived	1	1.5182
132	311.2582	customer 66 left	0	5.1166
133	316.3748	customer 67 arrived	1	0.0902
134	316.465	customer 67 left	0	0.3263
135	316.7913	customer 68 arrived	1	1.6691
136	318.4604	customer 68 left	0	5.5442
137	324.0046	customer 69 arrived	1	0.9675
138	324.9721	customer 70 arrived	2	2.8604
139	327.8325	customer 69 left	1	0.1138
140	327.9463	customer 71 arrived	2	6.6039
141	334.5502	customer 70 left	1	1.8489
142	336.3991	customer 72 arrived	2	0.8928
143	337.2919	customer 73 arrived	3	0.0993
144	337.3912	customer 71 left	2	0.0927
145	337.4839	customer 72 left	1	4.27
146	341.7539	customer 74 arrived	2	5.9722
147	347.7261	customer 73 left	1	0.8697
148	348.5958	customer 74 left	0	3.6572
149	352.253	customer 75 arrived	1	4.2514
150	356.5044	customer 75 left	0	0.0215
151	356.5259	customer 76 arrived	1	1.4482
152	357.9741	customer 76 left	0	6.797
153	364.7711	customer 77 arrived	1	1.8706
154	366.6417	customer 77 left	0	0.5474
155	367.1891	customer 78 arrived	1	0.0009
156	367.19	customer 79 arrived	2	0.7254
157	367.9154	customer 80 arrived	3	1.4822
158	369.3976	customer 78 left	2	0.1144
159	369.512	customer 81 arrived	3	1.2436
160	370.7556	customer 82 arrived	4	0.7582
161	371.5138	customer 79 left	3	4.2374
162	375.7512	customer 80 left	2	1.9593
163	377.7105	customer 83 arrived	3	2.3153
164	380.0258	customer 84 arrived	4	0.2572
165	380.283	customer 81 left	3	3.0237
166	383.3067	customer 85 arrived	4	0.2704
167	383.5771	customer 82 left	3	2.5419
168	386.119	customer 83 left	2	0.3815
169	386.5005	customer 84 left	1	1.1873
170	387.6878	customer 85 left	0	3.658
171	391.3458	customer 86 arrived	1	0.478
172	391.8238	customer 87 arrived	2	1.2839
173	393.1077	customer 86 left	1	4.7413
174	397.849	customer 87 left	0	0.1736
175	398.0226	customer 88 arrived	1	0.8374
176	398.86	customer 88 left	0	1.6131
177	400.4731	customer 89 arrived	1	0.2465
178	400.7196	customer 89 left	0	4.3989
179	405.1185	customer 90 arrived	1	1.954
180	407.0725	customer 90 left	0	7.7578
181	414.8303	customer 91 arrived	1	0.4475
182	415.2778	customer 91 left	0	1.7401
183	417.0179	customer 92 arrived	1	2.4424
184	419.4603	customer 93 arrived	2	2.6215
185	422.0818	customer 92 left	1	2.8654
186	424.9472	customer 93 left	0	0.3404
187	425.2876	customer 94 arrived	1	0.1978
188	425.4854	customer 95 arrived	2	0.7447
189	426.2301	customer 96 arrived	3	0.6367
190	426.8668	customer 97 arrived	4	0.011
191	426.8778	customer 98 arrived	5	1.6906
192	428.5684	customer 94 left	4	0.2766
193	428.845	customer 99 arrived	5	0.2304
194	429.0754	customer 95 left	4	0.9623
195	430.0377	customer 100 arrived	5	1.3096
196	431.3473	customer 96 left	4	1.3042
197	432.6515	customer 97 left	3	0.7781
198	433.4296	customer 98 left	2	0.0602
199	441.6271	customer 99 left	0	0.0
200	441.6873	customer 100 left	0	0.0
